{
  "__type__": "cc.SpriteFrame",
  "content": {
    "name": "sEnemy_strip7",
    "atlas": "",
    "rect": {
      "x": 5,
      "y": 1,
      "width": 273,
      "height": 35
    },
    "offset": {
      "x": 1.5,
      "y": 1.5
    },
    "originalSize": {
      "width": 280,
      "height": 40
    },
    "rotated": false,
    "capInsets": [
      0,
      0,
      0,
      0
    ],
    "vertices": {
      "rawPosition": [
        -136.5,
        -17.5,
        0,
        136.5,
        -17.5,
        0,
        -136.5,
        17.5,
        0,
        136.5,
        17.5,
        0
      ],
      "indexes": [
        0,
        1,
        2,
        2,
        1,
        3
      ],
      "uv": [
        5,
        39,
        278,
        39,
        5,
        4,
        278,
        4
      ],
      "nuv": [
        0.017857142857142856,
        0.1,
        0.9928571428571429,
        0.1,
        0.017857142857142856,
        0.975,
        0.9928571428571429,
        0.975
      ],
      "minPos": {
        "x": -136.5,
        "y": -17.5,
        "z": 0
      },
      "maxPos": {
        "x": 136.5,
        "y": 17.5,
        "z": 0
      }
    },
    "texture": "88e8174c-6479-4099-8c6c-250ccac821a4@6c48a",
    "packable": true,
    "pixelsToUnit": 100,
    "pivot": {
      "x": 0.5,
      "y": 0.5
    },
    "meshType": 0
  }
}