{
  "__type__": "cc.SpriteFrame",
  "content": {
    "name": "Move01",
    "atlas": "",
    "rect": {
      "x": 11,
      "y": 11,
      "width": 272,
      "height": 272
    },
    "offset": {
      "x": 0,
      "y": 0
    },
    "originalSize": {
      "width": 294,
      "height": 294
    },
    "rotated": false,
    "capInsets": [
      0,
      0,
      0,
      0
    ],
    "vertices": {
      "rawPosition": [
        -136,
        -136,
        0,
        136,
        -136,
        0,
        -136,
        136,
        0,
        136,
        136,
        0
      ],
      "indexes": [
        0,
        1,
        2,
        2,
        1,
        3
      ],
      "uv": [
        11,
        283,
        283,
        283,
        11,
        11,
        283,
        11
      ],
      "nuv": [
        0.03741496598639456,
        0.03741496598639456,
        0.9625850340136054,
        0.03741496598639456,
        0.03741496598639456,
        0.9625850340136054,
        0.9625850340136054,
        0.9625850340136054
      ],
      "minPos": {
        "x": -136,
        "y": -136,
        "z": 0
      },
      "maxPos": {
        "x": 136,
        "y": 136,
        "z": 0
      }
    },
    "texture": "8acb340a-efe2-4d7e-80d4-58e68b7d588e@6c48a",
    "packable": true,
    "pixelsToUnit": 100,
    "pivot": {
      "x": 0.5,
      "y": 0.5
    },
    "meshType": 0
  }
}