{
  "__type__": "cc.SpriteFrame",
  "content": {
    "name": "sWall",
    "atlas": "",
    "rect": {
      "x": 6,
      "y": 8,
      "width": 338,
      "height": 335
    },
    "offset": {
      "x": 0,
      "y": -0.5
    },
    "originalSize": {
      "width": 350,
      "height": 350
    },
    "rotated": false,
    "capInsets": [
      0,
      0,
      0,
      0
    ],
    "vertices": {
      "rawPosition": [
        -169,
        -167.5,
        0,
        169,
        -167.5,
        0,
        -169,
        167.5,
        0,
        169,
        167.5,
        0
      ],
      "indexes": [
        0,
        1,
        2,
        2,
        1,
        3
      ],
      "uv": [
        6,
        342,
        344,
        342,
        6,
        7,
        344,
        7
      ],
      "nuv": [
        0.017142857142857144,
        0.02,
        0.9828571428571429,
        0.02,
        0.017142857142857144,
        0.9771428571428571,
        0.9828571428571429,
        0.9771428571428571
      ],
      "minPos": {
        "x": -169,
        "y": -167.5,
        "z": 0
      },
      "maxPos": {
        "x": 169,
        "y": 167.5,
        "z": 0
      }
    },
    "texture": "74e7cba2-4480-4048-9a42-e862c12454e8@6c48a",
    "packable": true,
    "pixelsToUnit": 100,
    "pivot": {
      "x": 0.5,
      "y": 0.5
    },
    "meshType": 0
  }
}