{
  "__type__": "cc.SpriteFrame",
  "content": {
    "name": "Move02",
    "atlas": "",
    "rect": {
      "x": 5,
      "y": 4,
      "width": 100,
      "height": 102
    },
    "offset": {
      "x": 0,
      "y": 0
    },
    "originalSize": {
      "width": 110,
      "height": 110
    },
    "rotated": false,
    "capInsets": [
      0,
      0,
      0,
      0
    ],
    "vertices": {
      "rawPosition": [
        -50,
        -51,
        0,
        50,
        -51,
        0,
        -50,
        51,
        0,
        50,
        51,
        0
      ],
      "indexes": [
        0,
        1,
        2,
        2,
        1,
        3
      ],
      "uv": [
        5,
        106,
        105,
        106,
        5,
        4,
        105,
        4
      ],
      "nuv": [
        0.045454545454545456,
        0.03636363636363636,
        0.9545454545454546,
        0.03636363636363636,
        0.045454545454545456,
        0.9636363636363636,
        0.9545454545454546,
        0.9636363636363636
      ],
      "minPos": {
        "x": -50,
        "y": -51,
        "z": 0
      },
      "maxPos": {
        "x": 50,
        "y": 51,
        "z": 0
      }
    },
    "texture": "bc4f1969-19ef-477b-a765-c52c6ab8828f@6c48a",
    "packable": true,
    "pixelsToUnit": 100,
    "pivot": {
      "x": 0.5,
      "y": 0.5
    },
    "meshType": 0
  }
}