{
  "__type__": "cc.SpriteFrame",
  "content": {
    "name": "hero",
    "atlas": "",
    "rect": {
      "x": 2,
      "y": 2,
      "width": 430,
      "height": 16
    },
    "offset": {
      "x": 0,
      "y": 0
    },
    "originalSize": {
      "width": 434,
      "height": 20
    },
    "rotated": false,
    "capInsets": [
      0,
      0,
      0,
      0
    ],
    "vertices": {
      "rawPosition": [
        -215,
        -8,
        0,
        215,
        -8,
        0,
        -215,
        8,
        0,
        215,
        8,
        0
      ],
      "indexes": [
        0,
        1,
        2,
        2,
        1,
        3
      ],
      "uv": [
        2,
        18,
        432,
        18,
        2,
        2,
        432,
        2
      ],
      "nuv": [
        0.004608294930875576,
        0.1,
        0.9953917050691244,
        0.1,
        0.004608294930875576,
        0.9,
        0.9953917050691244,
        0.9
      ],
      "minPos": {
        "x": -215,
        "y": -8,
        "z": 0
      },
      "maxPos": {
        "x": 215,
        "y": 8,
        "z": 0
      }
    },
    "texture": "bdd451d7-3adc-49b9-9430-76b6ce04fc7e@6c48a",
    "packable": true,
    "pixelsToUnit": 100,
    "pivot": {
      "x": 0.5,
      "y": 0.5
    },
    "meshType": 0
  }
}